{"name":"Vampire \u0026 Vampire Hunting","quests":[{"uuid":"d1b731e9-e7d7-4225-9221-2acd3e84316f","name":"keep the blood pumping","description":"Collect 100 week human hearts.","x":172,"y":19,"icon":{"id":"vampirism:blood_bottle","damage":9},"prerequisites":["49c76c08-59c7-46de-ad0f-b436a43a2935"],"tasks":[{"type":"DETECT","items":[{"item":{"id":"vampirism:weak_human_heart"},"required":100}]}],"reward":[{"id":"vampirism:human_heart","amount":10},{"id":"vampirism:blood_bottle","damage":9,"amount":15}],"commandrewards":[]},{"uuid":"42c6a921-6c47-465a-8429-92ef812c516f","name":"start of the hunt","description":"Kill and Collect the fangs of 10 vampires.","x":57,"y":52,"icon":{"id":"vampirism:basic_crossbow"},"prerequisites":["fc7749f7-8d83-45dc-9ad4-8cf6f9aabfb2"],"tasks":[{"type":"CONSUME","items":[{"item":{"id":"vampirism:vampire_fang"},"required":10}]}],"reward":[{"id":"vampirism:basic_crossbow"},{"id":"vampirism:crossbow_arrow","amount":16,"nbt":"{type:\"normal\"}"}],"commandrewards":[]},{"uuid":"0982aea4-90ac-43c6-97bc-30e25acdd4d3","name":"purge the sickness","description":"Kill and Collect the fangs of 25 vampires.","x":88,"y":79,"icon":{"id":"vampirism:basic_double_crossbow"},"prerequisites":["42c6a921-6c47-465a-8429-92ef812c516f"],"tasks":[{"type":"CONSUME","items":[{"item":{"id":"vampirism:vampire_fang"},"required":25}]}],"reward":[{"id":"vampirism:vampire_blood_bottle","amount":15},{"id":"vampirism:basic_double_crossbow"},{"id":"vampirism:crossbow_arrow","amount":32,"nbt":"{type:\"normal\"}"}],"commandrewards":[]},{"uuid":"49c76c08-59c7-46de-ad0f-b436a43a2935","name":"hemagoing","description":"Collect 50 weak human hearts.","x":124,"y":15,"icon":{"id":"vampirism:blood_bottle","damage":9},"prerequisites":["618327cf-55a5-4ceb-a5c6-3ea2b9b16cac"],"tasks":[{"type":"DETECT","items":[{"item":{"id":"vampirism:weak_human_heart"},"required":50}]}],"reward":[{"id":"vampirism:human_heart","amount":5},{"id":"vampirism:blood_bottle","damage":9,"amount":5}],"commandrewards":[]},{"uuid":"fc7749f7-8d83-45dc-9ad4-8cf6f9aabfb2","name":"The first taste","description":"Take the first step in to a world of blood and crossbows.","x":25,"y":12,"bigicon":true,"icon":{"id":"vampirism:vampire_fang"},"tasks":[{"type":"DETECT","items":[{"item":{"id":"vampirism:vampire_fang"}}]}],"reward":[{"id":"vampirism:item_med_chair"},{"id":"guideapi:vampirism-guide","nbt":"{G-API_Category_Page:0,G-API_Category:2,G-API_Entry_Page:0,G-API_Page:5,G-API_Entry:\"minecraft:guide.vampirism.hunter.leveling\"}"}],"rewardchoice":[{"id":"vampirism:injection","damage":1},{"id":"vampirism:blood_bottle","damage":9}],"commandrewards":[]},{"uuid":"618327cf-55a5-4ceb-a5c6-3ea2b9b16cac","name":"Mo blood","description":"Collect 10 weak human hearts.","x":79,"y":13,"icon":{"id":"vampirism:blood_bottle","damage":9},"prerequisites":["fc7749f7-8d83-45dc-9ad4-8cf6f9aabfb2"],"tasks":[{"type":"DETECT","items":[{"item":{"id":"vampirism:weak_human_heart"},"required":10}]}],"reward":[{"id":"vampirism:blood_bottle","damage":9,"amount":5},{"id":"vampirism:human_heart"}],"commandrewards":[]},{"uuid":"0c347c3b-cfd9-450e-a5c3-76275bd5fd90","name":"Aim for the heart","description":"Kill and Collect the fangs of 100 vampires.","x":130,"y":95,"icon":{"id":"vampirism:enhanced_crossbow"},"prerequisites":["0982aea4-90ac-43c6-97bc-30e25acdd4d3"],"tasks":[{"type":"CONSUME","items":[{"item":{"id":"vampirism:vampire_fang"},"required":100}]}],"reward":[{"id":"thaumcraft:turret"},{"id":"vampirism:enhanced_double_crossbow"},{"id":"vampirism:crossbow_arrow","amount":64,"nbt":"{type:\"normal\"}"}],"commandrewards":[]},{"uuid":"c7a6bdfb-c3f7-4f20-98be-6e0d99d975a3","name":"sunbreaker","description":"WARNING : SUNSCREN can only be placed one and can\u0027t be picked back up.","x":211,"y":29,"icon":{"id":"vampirism:human_heart"},"prerequisites":["d1b731e9-e7d7-4225-9221-2acd3e84316f"],"tasks":[{"type":"DETECT","items":[{"item":{"id":"vampirism:human_heart"},"required":64}]}],"reward":[{"id":"vampirism:sunscreen_beacon"}],"commandrewards":[]}],"reputationBar":[]}