{"name":"Immersive Engineering","quests":[{"uuid":"d55b7845-8423-40d8-accd-c5b0d110619a","name":"Dirty clean power","x":118,"y":128,"icon":{"id":"forge:bucketfilled","nbt":"{FluidName:\"biodiesel\",Amount:1000}"},"prerequisites":["46681f34-01e4-45c7-b135-043c5bb1b907"],"tasks":[{"type":"DETECT","items":[{"item":{"id":"immersiveengineering:metal_decoration1","damage":1},"required":6},{"item":{"id":"immersiveengineering:metal_device1","damage":6},"required":5},{"item":{"id":"immersiveengineering:metal_decoration0","damage":3}},{"item":{"id":"immersiveengineering:metal_decoration0","damage":5},"required":13},{"item":{"id":"immersiveengineering:metal_decoration0","damage":6},"required":4},{"item":{"id":"immersiveengineering:metal_decoration0","damage":7},"required":9}]}],"reward":[{"id":"openblocks:tank","amount":2,"nbt":"{tank:{FluidName:\"biodiesel\",Amount:16000}}"}],"commandrewards":[]},{"uuid":"f1ec80b4-6064-45fd-a021-d9f1e4ed4f0f","name":"so strong !!!","x":75,"y":23,"icon":{"id":"immersiveengineering:material","damage":4},"prerequisites":["49fb40c2-c2c6-4019-8550-bd6985bf8ea4"],"tasks":[{"type":"DETECT","items":[{"item":{"id":"immersiveengineering:material","damage":4},"required":32}]}],"reward":[{"id":"immersiveengineering:wooden_device0","damage":2},{"id":"immersiveengineering:material","damage":5,"amount":8}],"commandrewards":[]},{"uuid":"17417a19-0cda-4f3e-b51f-baa6b02e857c","name":"It\u0027s Alive !!!","x":149,"y":126,"icon":{"id":"immersiveengineering:metal_decoration0"},"prerequisites":["46681f34-01e4-45c7-b135-043c5bb1b907"],"tasks":[{"type":"DETECT","items":[{"item":{"id":"immersiveengineering:metal_decoration1","damage":1},"required":4},{"item":{"id":"immersiveengineering:metal_device0","damage":2},"required":4},{"item":{"id":"immersiveengineering:metal_decoration0","damage":4},"required":4},{"item":{"id":"immersiveengineering:wooden_decoration"},"required":4},{"item":{"id":"immersiveengineering:metal_decoration0","damage":2},"required":3},{"item":{"id":"immersiveengineering:metal_decoration0"},"required":8}]}],"reward":[{"id":"ebwizardry:scroll","damage":61,"amount":3}],"commandrewards":[]},{"uuid":"dd4d1c62-b93d-473a-b15d-c566cea41ea1","name":"Moving things in stile","x":176,"y":75,"icon":{"id":"immersiveengineering:conveyor","nbt":"{conveyorType:\"immersiveengineering:conveyor\"}"},"prerequisites":["f0c11532-c62f-40ec-b5e8-2aa7c19bcc00"],"tasks":[{"type":"DETECT","items":[{"item":{"id":"immersiveengineering:conveyor","nbt":"{conveyorType:\"immersiveengineering:conveyor\"}"},"required":64}]}],"rewardchoice":[{"id":"immersiveengineering:conveyor","amount":8,"nbt":"{conveyorType:\"immersiveengineering:dropper\"}"},{"id":"immersiveengineering:conveyor","amount":16,"nbt":"{conveyorType:\"immersiveengineering:vertical\"}"},{"id":"immersiveengineering:conveyor","amount":4,"nbt":"{conveyorType:\"immersiveengineering:splitter\"}"},{"id":"immersiveengineering:conveyor","amount":2,"nbt":"{conveyorType:\"immersiveengineering:extract\"}"}],"commandrewards":[]},{"uuid":"46681f34-01e4-45c7-b135-043c5bb1b907","name":"Water Water for the land ?","x":112,"y":89,"icon":{"id":"immersiveengineering:wooden_device1"},"prerequisites":["f0c11532-c62f-40ec-b5e8-2aa7c19bcc00"],"tasks":[{"type":"DETECT","items":[{"item":{"id":"immersiveengineering:wooden_device1"}},{"item":{"id":"immersiveengineering:metal_device1","damage":2},"required":2}]}],"reward":[{"id":"openblocks:tank","nbt":"{tank:{FluidName:\"water\",Amount:16000}}"},{"id":"minecraft:golden_shovel"},{"id":"minecraft:bucket"}],"commandrewards":[]},{"uuid":"9404d8d3-b90a-4bd6-a4d6-18a1d49a890a","name":"X-22 botanical garden","x":210,"y":50,"icon":{"id":"immersiveengineering:metal_device1","damage":13},"prerequisites":["dd4d1c62-b93d-473a-b15d-c566cea41ea1"],"tasks":[{"type":"DETECT","items":[{"item":{"id":"immersiveengineering:metal_device1","damage":13},"required":6}]}],"rewardchoice":[{"id":"minecraft:carrot"},{"id":"minecraft:wheat_seeds"},{"id":"minecraft:beetroot_seeds"},{"id":"minecraft:potato"}],"commandrewards":[]},{"uuid":"49fb40c2-c2c6-4019-8550-bd6985bf8ea4","name":"can i eat this ?","x":37,"y":11,"icon":{"id":"immersiveengineering:seed"},"tasks":[{"type":"DETECT","items":[{"item":{"id":"immersiveengineering:seed"},"required":16}]}],"reward":[{"id":"immersiveengineering:tool"}],"commandrewards":[]},{"uuid":"d57811eb-dddd-4dd5-bf0e-de242aaca123","name":"Trical charge","description":"Trical charge","x":79,"y":114,"icon":{"id":"immersiveengineering:metal_device1","damage":3},"prerequisites":["46681f34-01e4-45c7-b135-043c5bb1b907"],"tasks":[{"type":"DETECT","items":[{"item":{"id":"immersiveengineering:metal_device1","damage":3},"required":16}]}],"reward":[{"id":"immersiveengineering:metal_device0","damage":2}],"commandrewards":[]},{"uuid":"ea7d0839-8c25-4323-bdcf-ff0352a55e52","name":"2,520 m/s","x":225,"y":127,"icon":{"id":"immersiveengineering:railgun"},"prerequisites":["ecbcf841-d779-4cd0-8fe3-617cfb1d553c"],"tasks":[{"type":"DETECT","items":[{"item":{"id":"immersiveengineering:railgun"}}]}],"reward":[{"id":"immersiveengineering:material","damage":2,"amount":16}],"rewardchoice":[{"id":"immersiveengineering:toolupgrade","damage":9},{"id":"immersiveengineering:toolupgrade","damage":8}],"commandrewards":[]},{"uuid":"f0c11532-c62f-40ec-b5e8-2aa7c19bcc00","name":"I would refernce a song ...","x":137,"y":64,"icon":{"id":"immersiveengineering:wooden_device1","damage":1},"prerequisites":["8a269b1f-6910-49b8-945c-7c44100b1978"],"tasks":[{"type":"DETECT","items":[{"item":{"id":"immersiveengineering:wooden_device1","damage":1}},{"item":{"id":"immersiveengineering:metal_device0"}},{"item":{"id":"immersiveengineering:metal_device1","damage":2}}]}],"reward":[{"id":"immersiveengineering:connector","amount":4},{"id":"immersiveengineering:connector","damage":1,"amount":8},{"id":"immersiveengineering:wirecoil","amount":8},{"id":"immersivepetroleum:schematic"}],"commandrewards":[]},{"uuid":"ecbcf841-d779-4cd0-8fe3-617cfb1d553c","name":"Eat lead","x":201,"y":103,"icon":{"id":"immersiveengineering:revolver"},"prerequisites":["dd4d1c62-b93d-473a-b15d-c566cea41ea1"],"tasks":[{"type":"DETECT","items":[{"item":{"id":"immersiveengineering:revolver"}}]}],"reward":[{"id":"immersiveengineering:bullet","damage":2,"amount":32,"nbt":"{bullet:\"casull\"}"}],"rewardchoice":[{"id":"immersiveengineering:blueprint","nbt":"{blueprint:\"bullet\"}"},{"id":"immersiveengineering:blueprint","nbt":"{blueprint:\"specialBullet\"}"},{"id":"immersiveengineering:bullet","damage":2,"amount":16,"nbt":"{bullet:\"armor_piercing\"}"},{"id":"immersiveengineering:bullet","damage":2,"amount":8,"nbt":"{bullet:\"he\"}"}],"commandrewards":[]},{"uuid":"01dc4943-89ca-456a-a465-8f53479a9f4a","name":"I fear no man. But that thing","x":245,"y":145,"icon":{"id":"immersiveengineering:chemthrower"},"prerequisites":["ea7d0839-8c25-4323-bdcf-ff0352a55e52"],"tasks":[{"type":"DETECT","items":[]}],"rewardchoice":[{"id":"minecraft:lava_bucket"},{"id":"forge:bucketfilled","nbt":"{FluidName:\"biodiesel\",Amount:1000}"},{"id":"minecraft:water_bucket"},{"id":"forge:bucketfilled","nbt":"{FluidName:\"creosote\",Amount:1000}"}],"commandrewards":[]},{"uuid":"8a269b1f-6910-49b8-945c-7c44100b1978","name":"SHINY","x":108,"y":39,"icon":{"id":"forestry:ingot_copper"},"prerequisites":["f1ec80b4-6064-45fd-a021-d9f1e4ed4f0f"],"tasks":[{"type":"DETECT","items":[{"item":{"id":"immersiveengineering:metal"},"required":16,"precision":"ORE_DICTIONARY"},{"item":{"id":"immersiveengineering:metal","damage":2},"required":16,"precision":"ORE_DICTIONARY"}]}],"reward":[{"id":"immersiveengineering:toolbox"}],"commandrewards":[]}],"reputationBar":[]}