{
    "images":
    {
        "title":
        {
            "image" : "ingolemo:textures/images/logo.png",
            "posX" : -96,
            "posY" : 2,
            "width" : 162.5,
            "height" : 155.25,
            "alignment" : "top_center"
        },
		"spsymbol":
        {
            "image" : "ingolemo:textures/buttons/singleplayerSymbol.png",
            "posX" : -109,
            "posY" : 37,
            "width" : 17,
            "height" : 20,
            "alignment" : "center"
        },
		"mpsymbol":
        {
            "image" : "ingolemo:textures/buttons/multiplayerSymbol.png",
            "posX" : -09,
            "posY" : 37,
            "width" : 19.5,
            "height" : 19.75,
            "alignment" : "center"
        },
		"optionssymbol":
        {
            "image" : "ingolemo:textures/buttons/optionsSymbol.png",
            "posX" : -109,
            "posY" : 67.5,
            "width" : 20,
            "height" : 20,
            "alignment" : "center"
        },
		"modssymbol":
        {
            "image" : "ingolemo:textures/buttons/modsSymbol.png",
            "posX" : -09,
            "posY" : 67.5,
            "width" : 19.5,
            "height" : 19.75,
            "alignment" : "center"
        },
		"quitsymbol":
        {
            "image" : "ingolemo:textures/buttons/quitSymbol.png",
            "posX" : -08,
            "posY" : 97,
            "width" : 20,
            "height" : 19.75,
            "alignment" : "center"
        },
		"langsymbol":
        {
            "image" : "ingolemo:textures/buttons/worldSymbol.png",
            "posX" : -108,
            "posY" : 97,
            "width" : 18,
            "height" : 19,
            "alignment" : "center"
        },
		"sam":
        {
            "image" : "ingolemo:textures/images/Sam_Approval.png",
            "posX" : -64,
            "posY" : 0,
            "width" : 64,
            "height" : 62.75,
            "alignment" : "top_right"
        }
    },
    
    "buttons":
    {
        "singleplayer":
        {
            "text" : "   Singleplayer",
			"texture" : "ingolemo:textures/buttons/outline.png",
            "posX" : -110,
            "posY" : 35,
            "width" : 90,
            "height" : 23,
			"imageHeight" : 30,
			"alignment" : "center",
			"hoverTextColor" : 2733022,
            "action" : 
            {
                "type" : "openGui",
                "gui" : "singleplayer"
            }
        },
        
        "mp":
        {
            "text" : "   Multiplayer",
			"texture" : "ingolemo:textures/buttons/outline.png",
            "posX" : -10,
            "posY" : 35,
            "width" : 90,
            "height" : 23,
			"imageHeight" : 30,
			"alignment" : "center",
			"hoverTextColor" : 2733022,
            "action" : 
            {
                "type" : "openGui",
                "gui" : "multiplayer"
            }
        },
        
        "options":
        {
            "text" : "menu.options",
			"texture" : "ingolemo:textures/buttons/outline.png",
            "posX" : -110,
            "posY" : 65,
            "width" : 90,
            "height" : 23,
			"imageHeight" : 30,
			"alignment" : "center",
			"hoverTextColor" : 2733022,
            "action" : 
            {
                "type" : "openGui",
                "gui" : "options"
            }
        },
        
        "mods":
        {
            "text" : "Mods",
			"texture" : "ingolemo:textures/buttons/outline.png",
            "posX" : -10,
            "posY" : 65,
            "width" : 90,
            "height" : 23,
			"imageHeight" : 30,
			"alignment" : "center",
			"hoverTextColor" : 2733022,
            "action" : 
            {
                "type" : "openGui",
                "gui" : "mods"
            }
        },
            
        "quitgame":
        {
            "text" : "  Quit Game",
			"texture" : "ingolemo:textures/buttons/outline.png",
            "posX" : -10,
            "posY" : 95,
            "width" : 90,
            "height" : 23,
			"imageHeight" : 30,
			"alignment" : "center",
			"hoverTextColor" : 2733022,
            "action" : 
            {
                "type" : "quit"
            }
        },
        "language":
        {
            "text" : "  Language",
			"texture" : "ingolemo:textures/buttons/outline.png",
            "posX" : -110,
            "posY" : 95,
            "width" : 90,
            "height" : 23,
			"imageHeight" : 30,
			"alignment" : "center",
			"hoverTextColor" : 2733022,
            "action" : 
            {
                "type" : "openGui",
                "gui" : "languages"
            }
        }
        
#        "refresh":
#        {
#            "text" : "",
#            "texture" : "new_menu:refresh.png",
#            "posX" : 2,
#            "posY" : -32,
#            "width" : 20,
#            "height" : 20,
#            "texture" : "custommainmenu:textures/gui/buttons.png",
#			"alignment" : "bottom_left",
#			"hoverTextColor" : 2733022,
#            "action" : 
#            {
#                "type" : "refresh"
#            }
#        }
    },
    
    "labels":
    {
        "modsloaded":
        {
            "text" : "Mods loaded: #modsloaded#",
            "posX" : -86,
            "posY" : -20,
            "color" : -1,
            "alignment" : "bottom_right"
        },
		"ingolemo":
        {
            "text" : "Ingolemo",
            "posX" : 2,
            "posY" : -10,
            "color" : -1,
            "alignment" : "bottom_left",
			"color" : 2733022,
			"hoverColor" : 2733022
        },
        "georcraft":
        {
            "text" : "Created by Peter (@SirOMGitsYOU)",
            "posX" : -171,
            "posY" : -10,
            "color" : -1,
            "alignment" : "bottom_right",
            "action" : 
            {
                "type": "openLink",
                "link": "https://twitter.com/SirOMGitsYOU"
            }
        }
    },
    
    "other":
    {       
        "background":
		{
			"image" : "ingolemo:textures/images/backgroundnew.png",
			"mode" : "stretch"
		}
    }
}