[{"uuid":"1484aaa5-7900-44d1-a6df-17b62ca35ce0","name":"SirOMGitsYOU","lives":3,"team":{"id":-1,"lifeSetting":"SHARE","rewardSetting":"ALL","players":[{"uuid":"1484aaa5-7900-44d1-a6df-17b62ca35ce0","owner":true,"bookOpen":false,"inTeam":true}],"reputations":[],"questDataList":[{"questId":"3e23698f-d3e8-42bd-9469-77c14c06f465","questData":{"players":1,"rewards":[false],"completed":false,"claimed":false,"available":true,"time":0,"tasksSize":1,"tasks":[{"type":"ITEMS","completed":false,"count":1,"progress":[0]}]}},{"questId":"e75fc561-0a57-4dc5-86d6-8748b262a878","questData":{"players":1,"rewards":[false],"completed":false,"claimed":false,"available":true,"time":0,"tasksSize":1,"tasks":[{"type":"DEATH","completed":false,"deaths":0}]}},{"questId":"dd4d1c62-b93d-473a-b15d-c566cea41ea1","questData":{"players":1,"rewards":[false],"completed":false,"claimed":false,"available":true,"time":0,"tasksSize":1,"tasks":[{"type":"ITEMS","completed":false,"count":1,"progress":[0]}]}},{"questId":"46681f34-01e4-45c7-b135-043c5bb1b907","questData":{"players":1,"rewards":[false],"completed":false,"claimed":false,"available":true,"time":0,"tasksSize":1,"tasks":[{"type":"ITEMS","completed":false,"count":2,"progress":[0,0]}]}},{"questId":"9f7eccb5-fb6d-4d73-8f01-33db96bbecbc","questData":{"players":1,"rewards":[false],"completed":false,"claimed":false,"available":true,"time":0,"tasksSize":1,"tasks":[{"type":"ITEMS","completed":false,"count":1,"progress":[0]}]}},{"questId":"9404d8d3-b90a-4bd6-a4d6-18a1d49a890a","questData":{"players":1,"rewards":[false],"completed":false,"claimed":false,"available":true,"time":0,"tasksSize":1,"tasks":[{"type":"ITEMS","completed":false,"count":1,"progress":[0]}]}},{"questId":"0c347c3b-cfd9-450e-a5c3-76275bd5fd90","questData":{"players":1,"rewards":[false],"completed":false,"claimed":false,"available":true,"time":0,"tasksSize":1,"tasks":[{"type":"ITEMS","completed":false,"count":1,"progress":[0]}]}},{"questId":"49fb40c2-c2c6-4019-8550-bd6985bf8ea4","questData":{"players":1,"rewards":[false],"completed":false,"claimed":false,"available":true,"time":0,"tasksSize":1,"tasks":[{"type":"ITEMS","completed":false,"count":1,"progress":[0]}]}},{"questId":"7e6e9f53-d2fa-44a2-91c4-ba17a9bf5ad1","questData":{"players":1,"rewards":[false],"completed":false,"claimed":false,"available":true,"time":0,"tasksSize":1,"tasks":[{"type":"ITEMS","completed":false,"count":1,"progress":[0]}]}},{"questId":"408cf276-5527-4008-93b3-53949d2536c8","questData":{"players":1,"rewards":[false],"completed":false,"claimed":false,"available":true,"time":0,"tasksSize":1,"tasks":[{"type":"ITEMS","completed":false,"count":2,"progress":[0,0]}]}},{"questId":"ecbcf841-d779-4cd0-8fe3-617cfb1d553c","questData":{"players":1,"rewards":[false],"completed":false,"claimed":false,"available":true,"time":0,"tasksSize":1,"tasks":[{"type":"ITEMS","completed":false,"count":1,"progress":[0]}]}},{"questId":"01dc4943-89ca-456a-a465-8f53479a9f4a","questData":{"players":1,"rewards":[false],"completed":false,"claimed":false,"available":true,"time":0,"tasksSize":1,"tasks":[{"type":"ITEMS","completed":false,"count":1,"progress":[0]}]}},{"questId":"49c76c08-59c7-46de-ad0f-b436a43a2935","questData":{"players":1,"rewards":[false],"completed":false,"claimed":false,"available":true,"time":0,"tasksSize":1,"tasks":[{"type":"ITEMS","completed":false,"count":1,"progress":[0]}]}},{"questId":"2938628f-0d03-4f8d-91b1-5c8de0425f22","questData":{"players":1,"rewards":[false],"completed":false,"claimed":false,"available":true,"time":0,"tasksSize":1,"tasks":[{"type":"ITEMS","completed":false,"count":1,"progress":[0]}]}},{"questId":"8a269b1f-6910-49b8-945c-7c44100b1978","questData":{"players":1,"rewards":[false],"completed":false,"claimed":false,"available":true,"time":0,"tasksSize":1,"tasks":[{"type":"ITEMS","completed":false,"count":2,"progress":[0,0]}]}},{"questId":"590a971a-efdc-4348-bc19-e104132c39b7","questData":{"players":1,"rewards":[false],"completed":false,"claimed":false,"available":true,"time":0,"tasksSize":1,"tasks":[{"type":"DEATH","completed":false,"deaths":0}]}},{"questId":"d1b731e9-e7d7-4225-9221-2acd3e84316f","questData":{"players":1,"rewards":[false],"completed":false,"claimed":false,"available":true,"time":0,"tasksSize":1,"tasks":[{"type":"ITEMS","completed":false,"count":1,"progress":[0]}]}},{"questId":"42c6a921-6c47-465a-8429-92ef812c516f","questData":{"players":1,"rewards":[false],"completed":false,"claimed":false,"available":true,"time":0,"tasksSize":1,"tasks":[{"type":"ITEMS","completed":false,"count":1,"progress":[0]}]}},{"questId":"2534ec4b-3a15-4d20-a0da-60ff339157e4","questData":{"players":1,"rewards":[false],"completed":false,"claimed":false,"available":true,"time":0,"tasksSize":1,"tasks":[{"type":"ITEMS","completed":false,"count":1,"progress":[0]}]}},{"questId":"d55b7845-8423-40d8-accd-c5b0d110619a","questData":{"players":1,"rewards":[false],"completed":false,"claimed":false,"available":true,"time":0,"tasksSize":1,"tasks":[{"type":"ITEMS","completed":false,"count":6,"progress":[0,0,0,0,0,0]}]}},{"questId":"3c756e90-97d4-4d86-9a4b-45d52d1fee28","questData":{"players":1,"rewards":[false],"completed":false,"claimed":false,"available":true,"time":0,"tasksSize":1,"tasks":[{"type":"ITEMS","completed":false,"count":1,"progress":[0]}]}},{"questId":"f1ec80b4-6064-45fd-a021-d9f1e4ed4f0f","questData":{"players":1,"rewards":[false],"completed":false,"claimed":false,"available":true,"time":0,"tasksSize":1,"tasks":[{"type":"ITEMS","completed":false,"count":1,"progress":[0]}]}},{"questId":"17417a19-0cda-4f3e-b51f-baa6b02e857c","questData":{"players":1,"rewards":[false],"completed":false,"claimed":false,"available":true,"time":0,"tasksSize":1,"tasks":[{"type":"ITEMS","completed":false,"count":6,"progress":[0,0,0,0,0,0]}]}},{"questId":"9da3089b-7b30-4241-a3ee-ab49963b0530","questData":{"players":1,"rewards":[false],"completed":false,"claimed":false,"available":true,"time":0,"tasksSize":1,"tasks":[{"type":"ITEMS","completed":false,"count":2,"progress":[0,0]}]}},{"questId":"fc7749f7-8d83-45dc-9ad4-8cf6f9aabfb2","questData":{"players":1,"rewards":[false],"completed":false,"claimed":false,"available":true,"time":0,"tasksSize":1,"tasks":[{"type":"ITEMS","completed":false,"count":1,"progress":[0]}]}},{"questId":"e7516515-9870-4e74-933c-05333a2240c7","questData":{"players":1,"rewards":[false],"completed":false,"claimed":false,"available":true,"time":0,"tasksSize":1,"tasks":[{"type":"ITEMS","completed":false,"count":3,"progress":[0,0,0]}]}},{"questId":"6c0577e2-66ab-4f7c-8fc5-0182d1802b58","questData":{"players":1,"rewards":[false],"completed":false,"claimed":false,"available":true,"time":0,"tasksSize":1,"tasks":[{"type":"ITEMS","completed":false,"count":1,"progress":[0]}]}},{"questId":"eefe2d45-63ce-4cfb-ad74-bee7096568f5","questData":{"players":1,"rewards":[false],"completed":false,"claimed":false,"available":true,"time":0,"tasksSize":1,"tasks":[{"type":"ITEMS","completed":false,"count":2,"progress":[0,0]}]}},{"questId":"c7a6bdfb-c3f7-4f20-98be-6e0d99d975a3","questData":{"players":1,"rewards":[false],"completed":false,"claimed":false,"available":true,"time":0,"tasksSize":1,"tasks":[{"type":"ITEMS","completed":false,"count":1,"progress":[0]}]}},{"questId":"d57811eb-dddd-4dd5-bf0e-de242aaca123","questData":{"players":1,"rewards":[false],"completed":false,"claimed":false,"available":true,"time":0,"tasksSize":1,"tasks":[{"type":"ITEMS","completed":false,"count":1,"progress":[0]}]}},{"questId":"ea7d0839-8c25-4323-bdcf-ff0352a55e52","questData":{"players":1,"rewards":[false],"completed":false,"claimed":false,"available":true,"time":0,"tasksSize":1,"tasks":[{"type":"ITEMS","completed":false,"count":1,"progress":[0]}]}},{"questId":"0982aea4-90ac-43c6-97bc-30e25acdd4d3","questData":{"players":1,"rewards":[false],"completed":false,"claimed":false,"available":true,"time":0,"tasksSize":1,"tasks":[{"type":"ITEMS","completed":false,"count":1,"progress":[0]}]}},{"questId":"f0c11532-c62f-40ec-b5e8-2aa7c19bcc00","questData":{"players":1,"rewards":[false],"completed":false,"claimed":false,"available":true,"time":0,"tasksSize":1,"tasks":[{"type":"ITEMS","completed":false,"count":3,"progress":[0,0,0]}]}},{"questId":"8353481d-ee67-4e42-8ff8-7813c9d0eea6","questData":{"players":1,"rewards":[false],"completed":false,"claimed":false,"available":true,"time":0,"tasksSize":1,"tasks":[{"type":"ITEMS","completed":false,"count":1,"progress":[0]}]}},{"questId":"618327cf-55a5-4ceb-a5c6-3ea2b9b16cac","questData":{"players":1,"rewards":[false],"completed":false,"claimed":false,"available":true,"time":0,"tasksSize":1,"tasks":[{"type":"ITEMS","completed":false,"count":1,"progress":[0]}]}}],"invites":[]},"playedLore":false,"receivedBook":true,"groupData":{},"deaths":{"1484aaa5-7900-44d1-a6df-17b62ca35ce0":[0,0,0,0,0,0,0,0,0,0,0,0,0,0,0]}}]