{
	"credit": "Made by leagris for Soartex Fanver, with Blockbench, a free, modern block model editor by JannisX11",
	"textures": {"texture": "blocks/door/iron/upper", "particle": "blocks/door/iron/upper", "frame": "blocks/door/iron/trim"},
	"elements": [
		{
			"name": "cube",
			"from": [0, 0, 12],
			"to": [3, 16, 16],
			"faces": {
				"north": {"uv": [8.984, 0.016, 6.016, 15.984], "texture": "#frame"},
				"east": {"uv": [0.016, 0.016, 3.984, 15.984], "texture": "#texture"},
				"south": {"uv": [6.016, 0.016, 8.984, 15.984], "texture": "#frame"},
				"west": {"uv": [3.984, 0.016, 0.016, 15.984], "texture": "#texture"},
				"up": {"uv": [0.016, 12.016, 2.984, 15.984], "texture": "#frame"}
			},
			"type": "cube"
		},
		{
			"name": "cube",
			"from": [0, 0, 0],
			"to": [3, 16, 4],
			"faces": {
				"north": {"uv": [8.984, 0.016, 6.016, 15.984], "texture": "#frame"},
				"east": {"uv": [12.016, 0.016, 15.984, 15.984], "texture": "#texture"},
				"south": {"uv": [6.016, 0.016, 8.984, 15.984], "texture": "#frame"},
				"west": {"uv": [15.984, 0.016, 12.016, 15.984], "texture": "#texture"},
				"up": {"uv": [0.016, 0.016, 2.984, 3.984], "texture": "#frame"}
			},
			"type": "cube"
		},
		{
			"name": "cube",
			"from": [0, 0, 4],
			"to": [3, 8.25, 12],
			"faces": {
				"east": {"uv": [4.016, 7.766, 11.984, 15.984], "texture": "#texture"},
				"west": {"uv": [11.984, 7.766, 4.016, 15.984], "texture": "#texture"},
				"up": {"uv": [0.016, 4.016, 2.984, 11.984], "texture": "#frame"}
			},
			"type": "cube"
		},
		{
			"name": "cube",
			"from": [0, 11.25, 4],
			"to": [3, 16, 12],
			"faces": {
				"east": {"uv": [4.016, 0.016, 11.984, 4.734], "texture": "#texture"},
				"west": {"uv": [11.984, 0.016, 4.016, 4.734], "texture": "#texture"},
				"up": {"uv": [0.016, 4.016, 2.984, 11.984], "texture": "#frame"},
				"down": {"uv": [0.016, 4.016, 2.984, 11.984], "texture": "#frame"}
			},
			"type": "cube"
		},
		{
			"name": "cube",
			"from": [1.25, 8.25, 10.75],
			"to": [1.75, 11.25, 11.25],
			"faces": {
				"north": {"uv": [4.766, 5.016, 5.234, 7.734], "texture": "#texture"},
				"east": {"uv": [4.766, 5.016, 5.234, 7.734], "texture": "#texture"},
				"south": {"uv": [4.766, 5.016, 5.234, 7.734], "texture": "#texture"},
				"west": {"uv": [4.766, 5.016, 5.234, 7.734], "texture": "#texture"}
			},
			"type": "cube"
		},
		{
			"name": "cube",
			"from": [1.25, 8.25, 9.25],
			"to": [1.75, 11.25, 9.75],
			"faces": {
				"north": {"uv": [6.266, 5.016, 6.734, 7.734], "texture": "#texture"},
				"east": {"uv": [6.266, 5.016, 6.734, 7.734], "texture": "#texture"},
				"south": {"uv": [6.266, 5.016, 6.734, 7.734], "texture": "#texture"},
				"west": {"uv": [6.266, 5.016, 6.734, 7.734], "texture": "#texture"}
			},
			"type": "cube"
		},
		{
			"name": "cube",
			"from": [1.25, 8.25, 7.75],
			"to": [1.75, 11.25, 8.25],
			"faces": {
				"north": {"uv": [7.766, 5.016, 8.234, 7.734], "texture": "#texture"},
				"east": {"uv": [7.766, 5.016, 8.234, 7.734], "texture": "#texture"},
				"south": {"uv": [7.766, 5.016, 8.234, 7.734], "texture": "#texture"},
				"west": {"uv": [7.766, 5.016, 8.234, 7.734], "texture": "#texture"}
			},
			"type": "cube"
		},
		{
			"name": "cube",
			"from": [1.25, 8.25, 6.25],
			"to": [1.75, 11.25, 6.75],
			"faces": {
				"north": {"uv": [9.266, 5.016, 9.734, 7.734], "texture": "#texture"},
				"east": {"uv": [9.266, 5.016, 9.734, 7.734], "texture": "#texture"},
				"south": {"uv": [9.266, 5.016, 9.734, 7.734], "texture": "#texture"},
				"west": {"uv": [9.266, 5.016, 9.734, 7.734], "texture": "#texture"}
			},
			"type": "cube"
		},
		{
			"name": "cube",
			"from": [1.25, 8.25, 4.75],
			"to": [1.75, 11.25, 5.25],
			"faces": {
				"north": {"uv": [10.766, 5.016, 11.234, 7.734], "texture": "#texture"},
				"east": {"uv": [10.766, 5.016, 11.234, 7.734], "texture": "#texture"},
				"south": {"uv": [10.766, 5.016, 11.234, 7.734], "texture": "#texture"},
				"west": {"uv": [10.766, 5.016, 11.234, 7.734], "texture": "#texture"}
			},
			"type": "cube"
		}
	]
}