{
  "_Comment": {
    "_Name": "Just a Reference to the old system naming. Changing does nothing.",
    "_Is Enabled": "Is chicken enabled?",
    "_Lay Item": "Item the chicken will Lay.               modid:itemid:metadata:amount #example: minecraft:log:2:3",
    "_Drop Item": "Item the chicken drops on death.        modid:itemid:metadata:amount #example: minecraft:bone",
    "_Spawn Type": "Chicken spawn type, can be: NORMAL,SNOW,NONE,HELL",
    "_Parent 1": "First parent, empty if it cant be breed. modid:chickenid #example: chickens:waterchicken",
    "_Parent 2": "Second parent, empty if it cant be breed. "
  },
  "morechickens:xpchicken": {
    "Name": "xpChicken",
    "Is Enabled": true,
    "Lay Coefficient": 1.0,
    "Lay Item": "morechickens:solidxp",
    "Drop Item": "morechickens:solidxp",
    "Spawn Type": "NONE",
    "Parent 1": "chickens:emeraldchicken",
    "Parent 2": "chickens:greenchicken"
  },
  "morechickens:invarchicken": {
    "Name": "invarchicken",
    "Is Enabled": true,
    "Lay Coefficient": 1.0,
    "Lay Item": "basemetals:invar_ingot",
    "Drop Item": "basemetals:invar_ingot",
    "Spawn Type": "NONE",
    "Parent 1": "chickens:ironchicken",
    "Parent 2": "morechickens:nickelchicken"
  },
  "morechickens:bronzechicken": {
    "Name": "bronzechicken",
    "Is Enabled": true,
    "Lay Coefficient": 1.0,
    "Lay Item": "forestry:ingot_bronze",
    "Drop Item": "forestry:ingot_bronze",
    "Spawn Type": "NONE",
    "Parent 1": "morechickens:copperchicken",
    "Parent 2": "morechickens:tinchicken"
  },
  "morechickens:zincchicken": {
    "Name": "zincchicken",
    "Is Enabled": true,
    "Lay Coefficient": 1.0,
    "Lay Item": "basemetals:zinc_ingot",
    "Drop Item": "basemetals:zinc_ingot",
    "Spawn Type": "NONE",
    "Parent 1": "chickens:whitechicken",
    "Parent 2": "chickens:claychicken"
  },
  "morechickens:tinchicken": {
    "Name": "tinchicken",
    "Is Enabled": true,
    "Lay Coefficient": 1.0,
    "Lay Item": "forestry:ingot_tin",
    "Drop Item": "forestry:ingot_tin",
    "Spawn Type": "NONE",
    "Parent 1": "chickens:whitechicken",
    "Parent 2": "chickens:claychicken"
  },
  "morechickens:steelchicken": {
    "Name": "steelchicken",
    "Is Enabled": true,
    "Lay Coefficient": 1.0,
    "Lay Item": "immersiveengineering:metal:8",
    "Drop Item": "immersiveengineering:metal:8",
    "Spawn Type": "NONE",
    "Parent 1": "chickens:ironchicken",
    "Parent 2": "chickens:coalchicken"
  },
  "morechickens:silverorechicken": {
    "Name": "silverorechicken",
    "Is Enabled": true,
    "Lay Coefficient": 1.0,
    "Lay Item": "immersiveengineering:metal:3",
    "Drop Item": "immersiveengineering:metal:3",
    "Spawn Type": "NONE",
    "Parent 1": "chickens:ironchicken",
    "Parent 2": "chickens:whitechicken"
  },
  "morechickens:platinumchicken": {
    "Name": "platinumchicken",
    "Is Enabled": true,
    "Lay Coefficient": 1.0,
    "Lay Item": "basemetals:platinum_ingot",
    "Drop Item": "basemetals:platinum_ingot",
    "Spawn Type": "NONE",
    "Parent 1": "morechickens:nickelchicken",
    "Parent 2": "morechickens:silverorechicken"
  },
  "morechickens:nickelchicken": {
    "Name": "nickelchicken",
    "Is Enabled": true,
    "Lay Coefficient": 1.0,
    "Lay Item": "immersiveengineering:metal:4",
    "Drop Item": "immersiveengineering:metal:4",
    "Spawn Type": "NONE",
    "Parent 1": "chickens:whitechicken",
    "Parent 2": "chickens:greenchicken"
  },
  "morechickens:leadchicken": {
    "Name": "leadchicken",
    "Is Enabled": true,
    "Lay Coefficient": 1.0,
    "Lay Item": "immersiveengineering:metal:2",
    "Drop Item": "immersiveengineering:metal:2",
    "Spawn Type": "NONE",
    "Parent 1": "chickens:ironchicken",
    "Parent 2": "chickens:cyanchicken"
  },
  "morechickens:copperchicken": {
    "Name": "copperchicken",
    "Is Enabled": true,
    "Lay Coefficient": 1.0,
    "Lay Item": "forestry:ingot_copper",
    "Drop Item": "forestry:ingot_copper",
    "Spawn Type": "NONE",
    "Parent 1": "chickens:yellowchicken",
    "Parent 2": "chickens:brownchicken"
  },
  "morechickens:brasschicken": {
    "Name": "brasschicken",
    "Is Enabled": true,
    "Lay Coefficient": 1.0,
    "Lay Item": "thaumcraft:ingot:2",
    "Drop Item": "thaumcraft:ingot:2",
    "Spawn Type": "NONE",
    "Parent 1": "morechickens:copperchicken",
    "Parent 2": "morechickens:zincchicken"
  },
  "morechickens:cupronickelchicken": {
    "Name": "cupronickelchicken",
    "Is Enabled": true,
    "Lay Coefficient": 1.0,
    "Lay Item": "basemetals:cupronickel_ingot",
    "Drop Item": "basemetals:cupronickel_ingot",
    "Spawn Type": "NONE",
    "Parent 1": "morechickens:copperchicken",
    "Parent 2": "morechickens:nickelchicken"
  },
  "morechickens:electrumchicken": {
    "Name": "electrumchicken",
    "Is Enabled": true,
    "Lay Coefficient": 1.0,
    "Lay Item": "immersiveengineering:metal:7",
    "Drop Item": "immersiveengineering:metal:7",
    "Spawn Type": "NONE",
    "Parent 1": "morechickens:silverorechicken",
    "Parent 2": "chickens:goldchicken"
  },
  "morechickens:siliconchicken": {
    "Name": "siliconchicken",
    "Is Enabled": true,
    "Lay Coefficient": 1.0,
    "Lay Item": "refinedstorage:silicon",
    "Drop Item": "refinedstorage:silicon",
    "Spawn Type": "NONE",
    "Parent 1": "chickens:claychicken",
    "Parent 2": "chickens:sandchicken"
  },
  "morechickens:sulfurchicken": {
    "Name": "sulfurchicken",
    "Is Enabled": true,
    "Lay Coefficient": 1.0,
    "Lay Item": "immersiveengineering:material:25",
    "Drop Item": "immersiveengineering:material:25",
    "Spawn Type": "NONE",
    "Parent 1": "chickens:gunpowderchicken",
    "Parent 2": "chickens:flintchicken"
  },
  "morechickens:saltpeterchicken": {
    "Name": "saltpeterchicken",
    "Is Enabled": true,
    "Lay Coefficient": 1.0,
    "Lay Item": "immersiveengineering:material:24",
    "Drop Item": "immersiveengineering:material:24",
    "Spawn Type": "NONE",
    "Parent 1": "morechickens:sulfurchicken",
    "Parent 2": "chickens:redstonechicken"
  },
  "morechickens:aluminumchicken": {
    "Name": "aluminumChicken",
    "Is Enabled": true,
    "Lay Coefficient": 1.0,
    "Lay Item": "immersiveengineering:metal:1",
    "Drop Item": "immersiveengineering:metal:1",
    "Spawn Type": "NONE",
    "Parent 1": "chickens:flintchicken",
    "Parent 2": "chickens:ironchicken"
  },
  "morechickens:amberchicken": {
    "Name": "amberchicken",
    "Is Enabled": true,
    "Lay Coefficient": 1.0,
    "Lay Item": "thaumcraft:amber",
    "Drop Item": "thaumcraft:amber",
    "Spawn Type": "NONE",
    "Parent 1": "chickens:waterchicken",
    "Parent 2": "chickens:logchicken"
  },
  "morechickens:saltchicken": {
    "Name": "saltchicken",
    "Is Enabled": true,
    "Lay Coefficient": 1.0,
    "Lay Item": "harvestcraft:saltitem",
    "Drop Item": "harvestcraft:saltitem",
    "Spawn Type": "NONE",
    "Parent 1": "chickens:waterchicken",
    "Parent 2": "chickens:lavachicken"
  },
  "morechickens:terrasteelchicken": {
    "Name": "terrasteelchicken",
    "Is Enabled": true,
    "Lay Coefficient": 1.0,
    "Lay Item": "botania:manaresource:4",
    "Drop Item": "botania:manaresource:4",
    "Spawn Type": "NONE",
    "Parent 1": "chickens:enderchicken",
    "Parent 2": "chickens:pcrystalchicken"
  },
  "morechickens:manasteelchicken": {
    "Name": "manasteelchicken",
    "Is Enabled": true,
    "Lay Coefficient": 1.0,
    "Lay Item": "botania:manaresource",
    "Drop Item": "botania:manaresource",
    "Spawn Type": "NONE",
    "Parent 1": "chickens:ironchicken",
    "Parent 2": "chickens:ghastchicken"
  },
  "morechickens:elementiumchicken": {
    "Name": "elementiumchicken",
    "Is Enabled": true,
    "Lay Coefficient": 1.0,
    "Lay Item": "botania:manaresource:19",
    "Drop Item": "botania:manaresource:19",
    "Spawn Type": "NONE",
    "Parent 1": "morechickens:manasteelchicken",
    "Parent 2": "morechickens:terrasteelchicken"
  },
  "morechickens:uraniumchicken": {
    "Name": "uraniumChicken",
    "Is Enabled": true,
    "Lay Coefficient": 1.0,
    "Lay Item": "immersiveengineering:metal:5",
    "Drop Item": "immersiveengineering:metal:5",
    "Spawn Type": "NONE",
    "Parent 1": "chickens:redstonechicken",
    "Parent 2": "chickens:enderchicken"
  },
  "morechickens:constantanchicken": {
    "Name": "constantanChicken",
    "Is Enabled": true,
    "Lay Coefficient": 1.0,
    "Lay Item": "immersiveengineering:metal:6",
    "Drop Item": "immersiveengineering:metal:6",
    "Spawn Type": "NONE",
    "Parent 1": "morechickens:copperchicken",
    "Parent 2": "morechickens:nickelchicken"
  },
  "morechickens:arditechicken": {
    "Name": "arditeChicken",
    "Is Enabled": true,
    "Lay Coefficient": 1.0,
    "Lay Item": "tconstruct:ingots:1",
    "Drop Item": "tconstruct:ingots:1",
    "Spawn Type": "NONE",
    "Parent 1": "chickens:blazechicken",
    "Parent 2": "chickens:magmachicken"
  },
  "morechickens:cobaltchicken": {
    "Name": "cobaltChicken",
    "Is Enabled": true,
    "Lay Coefficient": 1.0,
    "Lay Item": "tconstruct:ingots",
    "Drop Item": "tconstruct:ingots",
    "Spawn Type": "NONE",
    "Parent 1": "chickens:netherwartchicken",
    "Parent 2": "chickens:ghastchicken"
  },
  "morechickens:manyullynchicken": {
    "Name": "manyullynChicken",
    "Is Enabled": true,
    "Lay Coefficient": 1.0,
    "Lay Item": "tconstruct:ingots:2",
    "Drop Item": "tconstruct:ingots:2",
    "Spawn Type": "NONE",
    "Parent 1": "morechickens:arditechicken",
    "Parent 2": "morechickens:cobaltchicken"
  },
  "morechickens:pigironchicken": {
    "Name": "pigIronChicken",
    "Is Enabled": true,
    "Lay Coefficient": 1.0,
    "Lay Item": "tconstruct:ingots:4",
    "Drop Item": "tconstruct:ingots:4",
    "Spawn Type": "NONE",
    "Parent 1": "morechickens:bloodslime",
    "Parent 2": "chickens:ironchicken"
  },
  "morechickens:knightslimechicken": {
    "Name": "knightSlimeChicken",
    "Is Enabled": true,
    "Lay Coefficient": 1.0,
    "Lay Item": "tconstruct:ingots:3",
    "Drop Item": "tconstruct:ingots:3",
    "Spawn Type": "NONE",
    "Parent 1": "morechickens:manyullynchicken",
    "Parent 2": "morechickens:pigironchicken"
  },
  "morechickens:bloodslime": {
    "Name": "bloodSlime",
    "Is Enabled": true,
    "Lay Coefficient": 1.0,
    "Lay Item": "tconstruct:edible:3",
    "Drop Item": "tconstruct:edible:3",
    "Spawn Type": "NONE",
    "Parent 1": "chickens:slimechicken",
    "Parent 2": "chickens:redchicken"
  },
  "morechickens:purpleslime": {
    "Name": "purpleSlime",
    "Is Enabled": true,
    "Lay Coefficient": 1.0,
    "Lay Item": "tconstruct:edible:2",
    "Drop Item": "tconstruct:edible:2",
    "Spawn Type": "NONE",
    "Parent 1": "morechickens:bloodslime",
    "Parent 2": "chickens:bluechicken"
  },
  "morechickens:magmaslime": {
    "Name": "magmaSlime",
    "Is Enabled": true,
    "Lay Coefficient": 1.0,
    "Lay Item": "tconstruct:edible:4",
    "Drop Item": "tconstruct:edible:4",
    "Spawn Type": "NONE",
    "Parent 1": "chickens:slimechicken",
    "Parent 2": "chickens:magmachicken"
  },
  "morechickens:blueslime": {
    "Name": "blueSlime",
    "Is Enabled": true,
    "Lay Coefficient": 1.0,
    "Lay Item": "tconstruct:edible:1",
    "Drop Item": "tconstruct:edible:1",
    "Spawn Type": "NONE",
    "Parent 1": "chickens:slimechicken",
    "Parent 2": "chickens:bluechicken"
  },
  "morechickens:redstonecrystalchicken": {
    "Name": "redstonecrystalchicken",
    "Is Enabled": true,
    "Lay Coefficient": 1.0,
    "Lay Item": "extrautils2:ingredients",
    "Drop Item": "extrautils2:ingredients",
    "Spawn Type": "NONE",
    "Parent 1": "chickens:redstonechicken",
    "Parent 2": "chickens:pcrystalchicken"
  },
  "morechickens:stoneburntchicken": {
    "Name": "stoneburntchicken",
    "Is Enabled": true,
    "Lay Coefficient": 1.0,
    "Lay Item": "extrautils2:decorativesolid:3",
    "Drop Item": "extrautils2:decorativesolid:3",
    "Spawn Type": "NONE",
    "Parent 1": "morechickens:redstonecrystalchicken",
    "Parent 2": "chickens:goldchicken"
  },
  "morechickens:lunarreactivedustchicken": {
    "Name": "lunarreactivedustchicken",
    "Is Enabled": true,
    "Lay Coefficient": 1.0,
    "Lay Item": "extrautils2:ingredients:3",
    "Drop Item": "extrautils2:ingredients:3",
    "Spawn Type": "NONE",
    "Parent 1": "morechickens:redstonecrystalchicken",
    "Parent 2": "chickens:bluechicken"
  },
  "morechickens:moonstonechicken": {
    "Name": "moonstonechicken",
    "Is Enabled": true,
    "Lay Coefficient": 1.0,
    "Lay Item": "extrautils2:ingredients:5",
    "Drop Item": "extrautils2:ingredients:5",
    "Spawn Type": "NONE",
    "Parent 1": "morechickens:lunarreactivedustchicken",
    "Parent 2": "chickens:blazechicken"
  },
  "morechickens:magicalwoodchicken": {
    "Name": "magicalwoodchicken",
    "Is Enabled": true,
    "Lay Coefficient": 1.0,
    "Lay Item": "extrautils2:decorativesolidwood:1",
    "Drop Item": "extrautils2:decorativesolidwood:1",
    "Spawn Type": "NONE",
    "Parent 1": "chickens:logchicken",
    "Parent 2": "morechickens:xpchicken"
  },
  "morechickens:demonmetalchicken": {
    "Name": "demonmetalchicken",
    "Is Enabled": true,
    "Lay Coefficient": 1.0,
    "Lay Item": "extrautils2:ingredients:11",
    "Drop Item": "extrautils2:ingredients:11",
    "Spawn Type": "NONE",
    "Parent 1": "morechickens:magicalwoodchicken",
    "Parent 2": "morechickens:moonstonechicken"
  },
  "morechickens:quartzenrichedironchicken": {
    "Name": "quartzenrichedironchicken",
    "Is Enabled": true,
    "Lay Coefficient": 1.0,
    "Lay Item": "refinedstorage:quartz_enriched_iron",
    "Drop Item": "refinedstorage:quartz_enriched_iron",
    "Spawn Type": "NONE",
    "Parent 1": "chickens:quartzchicken",
    "Parent 2": "chickens:ironchicken"
  }
}