{"name":"A Fresh Start","quests":[{"uuid":"2534ec4b-3a15-4d20-a0da-60ff339157e4","name":"The Nether Adventure Begins","description":"Your long haul journey to discover what the nether has to offer has begun, I hope you are ready for a journey of a lifetime youg one.","x":171,"y":13,"icon":{"id":"minecraft:obsidian"},"tasks":[{"type":"DETECT","items":[{"item":{"id":"minecraft:netherrack"},"precision":"ORE_DICTIONARY"}]}],"reward":[{"id":"minecraft:glowstone_dust","amount":16}],"commandrewards":[]},{"uuid":"7e6e9f53-d2fa-44a2-91c4-ba17a9bf5ad1","name":"Ghast killer","description":"Congratulations you (probably) killed your first ghast, or atleast stole the drop from it. Well done!","x":171,"y":54,"icon":{"id":"minecraft:ghast_tear"},"prerequisites":["2534ec4b-3a15-4d20-a0da-60ff339157e4"],"tasks":[{"type":"DETECT","items":[{"item":{"id":"minecraft:ghast_tear"}}]}],"reward":[{"id":"minecraft:ghast_tear","amount":3},{"id":"minecraft:glowstone","amount":16}],"commandrewards":[]},{"uuid":"408cf276-5527-4008-93b3-53949d2536c8","name":"A Wholesome adventure","description":"Seeds.. Everyone loves seeds right? *silence* Okay.. well maybe some of us like seeds? *one cheer* right.. well find some seeds?","x":67,"y":11,"icon":{"id":"minecraft:iron_hoe"},"prerequisites":["9f7eccb5-fb6d-4d73-8f01-33db96bbecbc"],"tasks":[{"type":"DETECT","items":[{"item":{"id":"minecraft:wheat_seeds"},"required":6,"precision":"ORE_DICTIONARY"},{"item":{"id":"minecraft:iron_hoe"}}]}],"reward":[{"id":"minecraft:pumpkin_seeds"},{"id":"minecraft:melon_seeds"},{"id":"minecraft:iron_ingot","amount":2}],"rewardchoice":[{"id":"mysticalagriculture:tier1_inferium_seeds","amount":5},{"id":"immersiveengineering:seed","amount":32}],"commandrewards":[]},{"uuid":"3e23698f-d3e8-42bd-9469-77c14c06f465","name":"The shining","description":"The long journey is complete.. You can now finally res- Oh no wait you can\u0027t because we\u0027re going to go fight some ghasts!","x":76,"y":74,"icon":{"id":"minecraft:diamond"},"prerequisites":["eefe2d45-63ce-4cfb-ad74-bee7096568f5"],"tasks":[{"type":"DETECT","items":[{"item":{"id":"minecraft:diamond"},"required":3}]}],"reward":[{"id":"minecraft:obsidian","amount":16},{"id":"minecraft:flint_and_steel"}],"commandrewards":[]},{"uuid":"e75fc561-0a57-4dc5-86d6-8748b262a878","name":"The first of many","description":"Well.. You managed to die somehow, Well done!","x":295,"y":11,"icon":{"id":"minecraft:skull"},"trigger":"TASK_TRIGGER","triggertasks":1,"tasks":[{"type":"DEATH","deaths":1}],"reward":[{"id":"minecraft:bone","amount":3},{"id":"minecraft:rotten_flesh","amount":3}],"commandrewards":[]},{"uuid":"8353481d-ee67-4e42-8ff8-7813c9d0eea6","name":"Rocky Start","description":"Now we\u0027re on the road to getting you some better mining methods, A Hammer can destroy a 3x3x3 area and is quite handy especially when searching for those hard to find resources.","x":20,"y":58,"icon":{"id":"minecraft:stone"},"prerequisites":["9f7eccb5-fb6d-4d73-8f01-33db96bbecbc"],"tasks":[{"type":"DETECT","items":[{"item":{"id":"minecraft:cobblestone"},"required":32}]}],"reward":[{"id":"tconstruct:tooltables","damage":3}],"rewardchoice":[{"id":"tconstruct:hammer","nbt":"{StatsOriginal:{AttackSpeedMultiplier:1.0f,MiningSpeed:4.0f,FreeModifiers:3,Durability:25,HarvestLevel:1,Attack:3.0f},Stats:{AttackSpeedMultiplier:1.0f,MiningSpeed:4.0f,FreeModifiers:3,Durability:20,HarvestLevel:1,Attack:3.0f},Special:{Categories:[\"aoe\",\"tool\",\"weapon\",\"harvest\"]},TinkerData:{Materials:[\"stone\",\"stone\",\"stone\",\"stone\"],Modifiers:[]},Modifiers:[{identifier:\"cheap\",color:-6710887,level:1},{identifier:\"cheapskate\",color:-6710887,level:1}],Traits:[\"cheap\",\"cheapskate\"]}"},{"id":"tconstruct:pickaxe","nbt":"{StatsOriginal:{AttackSpeedMultiplier:1.0f,MiningSpeed:6.0f,FreeModifiers:3,Durability:276,HarvestLevel:2,Attack:4.0f},Stats:{AttackSpeedMultiplier:1.0f,MiningSpeed:6.0f,FreeModifiers:3,Durability:276,HarvestLevel:2,Attack:4.0f},Special:{Categories:[\"aoe\",\"tool\",\"harvest\"]},TinkerData:{Materials:[\"iron\",\"iron\",\"iron\"],Modifiers:[]},Modifiers:[{identifier:\"magnetic\",color:-3487030,level:3,magnetic1:1b,magnetic2:1b}],Traits:[\"magnetic1\",\"magnetic2\"]}"}],"commandrewards":[]},{"uuid":"9f7eccb5-fb6d-4d73-8f01-33db96bbecbc","name":"Your first steps..","description":"Gather some wood, much like vanilla Minecraft you start your adventure in the modded realm much the same by punching trees and making some (now that its modded) not so great starting tools. ","x":17,"y":12,"bigicon":true,"icon":{"id":"minecraft:sapling"},"tasks":[{"type":"DETECT","items":[{"item":{"id":"minecraft:log"},"required":32,"precision":"ORE_DICTIONARY"}]}],"reward":[{"id":"minecraft:sapling"},{"id":"minecraft:sapling","damage":1},{"id":"minecraft:sapling","damage":2},{"id":"minecraft:sapling","damage":3}],"rewardchoice":[{"id":"minecraft:apple","amount":16},{"id":"forestry:sapling","amount":2,"nbt":"{IsAnalyzed:0b,Genome:{Chromosomes:[{UID1:\"forestry.treeOak\",UID0:\"forestry.treeOak\",Slot:0b},{UID1:\"forestry.heightSmall\",UID0:\"forestry.heightSmall\",Slot:1b},{UID1:\"forestry.saplingsAverage\",UID0:\"forestry.saplingsAverage\",Slot:2b},{UID1:\"forestry.fruitApple\",UID0:\"forestry.fruitApple\",Slot:3b},{UID1:\"forestry.yieldLowest\",UID0:\"forestry.yieldLowest\",Slot:4b},{UID1:\"forestry.sappinessLowest\",UID0:\"forestry.sappinessLowest\",Slot:5b},{UID1:\"forestry.leavesNone\",UID0:\"forestry.leavesNone\",Slot:6b},{UID1:\"forestry.maturationFaster\",UID0:\"forestry.maturationFaster\",Slot:7b},{UID1:\"forestry.i1d\",UID0:\"forestry.i1d\",Slot:8b},{UID1:\"forestry.fireproofFalse\",UID0:\"forestry.fireproofFalse\",Slot:9b}]}}"}],"commandrewards":[]},{"uuid":"e7516515-9870-4e74-933c-05333a2240c7","name":"Base of operations","description":"A little help-in-hand to building a small base of operations for yourself!","x":53,"y":42,"icon":{"id":"minecraft:planks"},"prerequisites":["9f7eccb5-fb6d-4d73-8f01-33db96bbecbc"],"tasks":[{"type":"DETECT","items":[{"item":{"id":"minecraft:planks"},"precision":"ORE_DICTIONARY"},{"item":{"id":"minecraft:crafting_table"}},{"item":{"id":"minecraft:chest"},"required":2}]}],"reward":[{"id":"minecraft:bed","damage":11}],"rewardchoice":[{"id":"minecraft:leaves","amount":64},{"id":"minecraft:glass","amount":32},{"id":"minecraft:stonebrick","amount":64}],"commandrewards":[]},{"uuid":"6c0577e2-66ab-4f7c-8fc5-0182d1802b58","name":"Better Crafting","description":"The vanilla workbench is... \"Okay\", however the crafting table allows for you to leave your pre-made recipies in it as well as for you to craft while others watch (Multiplayer players be warned only one person can use it at a time). You cna also connect a chest to your craft station to have easy access, simply place the chest on the block next to your crafting station.","x":93,"y":42,"icon":{"id":"tconstruct:tooltables"},"prerequisites":["e7516515-9870-4e74-933c-05333a2240c7"],"tasks":[{"type":"DETECT","items":[{"item":{"id":"tconstruct:tooltables"}}]}],"reward":[{"id":"tconstruct:tooltables","amount":2},{"id":"minecraft:chest","amount":2}],"commandrewards":[]},{"uuid":"eefe2d45-63ce-4cfb-ad74-bee7096568f5","name":"Ore\u0027nt you ready","description":"Now that you\u0027ve secured the startings of the tinkers tools, Collect some resources and we can be soon moving on to crafting your own unique Tinkers Tools!","x":41,"y":90,"icon":{"id":"minecraft:iron_ore"},"prerequisites":["8353481d-ee67-4e42-8ff8-7813c9d0eea6"],"tasks":[{"type":"DETECT","items":[{"item":{"id":"minecraft:iron_ore"},"precision":"ORE_DICTIONARY"},{"item":{"id":"forestry:resources","damage":1},"precision":"ORE_DICTIONARY"}]}],"reward":[{"id":"minecraft:furnace"},{"id":"tconstruct:pattern","amount":16},{"id":"tconstruct:soil","amount":16}],"commandrewards":[]},{"uuid":"590a971a-efdc-4348-bc19-e104132c39b7","name":"100 Deaths and more to go","description":"Well done, you\u0027ve achieved something I added to this questbook as an actual joke... well done. Share it on reddit or something","x":295,"y":42,"icon":{"id":"minecraft:skull","damage":1},"trigger":"TASK_TRIGGER","triggertasks":1,"tasks":[{"type":"DEATH","deaths":100}],"reward":[{"id":"minecraft:totem_of_undying"}],"rewardchoice":[{"id":"totemexpansion:totem_falling"},{"id":"totemexpansion:totem_breathing"},{"id":"totemexpansion:totem_lava"}],"commandrewards":[]}],"reputationBar":[]}