{"name":"Tinkering with tinkers","quests":[{"uuid":"3c756e90-97d4-4d86-9a4b-45d52d1fee28","name":"Tooling up a tool","description":"You\u0027re the tool and we\u0027re  tooling you up. If you haven\u0027t already give you Materials and you a quick read through to get the gist of how you go about creating some tools.         *Hint* you\u0027re gonna need a tool forge.","x":25,"y":58,"icon":{"id":"tconstruct:toolforge","nbt":"{textureBlock:{id:\"minecraft:iron_block\",Count:1b,Damage:0s}}"},"prerequisites":["2938628f-0d03-4f8d-91b1-5c8de0425f22"],"tasks":[{"type":"DETECT","items":[{"item":{"id":"tconstruct:toolforge","nbt":"{textureBlock:{id:\"minecraft:iron_block\",Count:1b,Damage:0s}}"},"precision":"NBT_FUZZY"}]}],"reward":[{"id":"tconstruct:materials","damage":19},{"id":"tconstruct:materials","damage":18},{"id":"tconstruct:materials","damage":50}],"rewardchoice":[{"id":"tconstruct:hammer","nbt":"{StatsOriginal:{AttackSpeedMultiplier:1.0f,MiningSpeed:6.0f,FreeModifiers:3,Durability:582,HarvestLevel:2,Attack:4.0f},Stats:{AttackSpeedMultiplier:1.0f,MiningSpeed:6.0f,FreeModifiers:3,Durability:582,HarvestLevel:2,Attack:4.0f},Special:{Categories:[\"aoe\",\"tool\",\"weapon\",\"harvest\"]},TinkerData:{Materials:[\"iron\",\"iron\",\"iron\",\"iron\"],Modifiers:[]},Modifiers:[{identifier:\"magnetic\",color:-3487030,level:3,magnetic1:1b,magnetic2:1b}],Traits:[\"magnetic1\",\"magnetic2\"]}"},{"id":"tconstruct:hammer_head","nbt":"{Material:\"bronze\"}"},{"id":"tconstruct:pickaxe","nbt":"{StatsOriginal:{AttackSpeedMultiplier:1.0f,MiningSpeed:6.0f,FreeModifiers:3,Durability:276,HarvestLevel:2,Attack:4.0f},Stats:{AttackSpeedMultiplier:1.0f,MiningSpeed:6.0f,FreeModifiers:3,Durability:276,HarvestLevel:2,Attack:4.0f},Special:{Categories:[\"aoe\",\"tool\",\"harvest\"]},TinkerData:{Materials:[\"iron\",\"iron\",\"iron\"],Modifiers:[]},Modifiers:[{identifier:\"magnetic\",color:-3487030,level:3,magnetic1:1b,magnetic2:1b}],Traits:[\"magnetic1\",\"magnetic2\"]}"},{"id":"tconstruct:pick_head","nbt":"{Material:\"bronze\"}"}],"commandrewards":[]},{"uuid":"9da3089b-7b30-4241-a3ee-ab49963b0530","name":"Blue Metal","description":"Blue metal, also known as Cobalt. Can be obtained and is quite handy at crafting yourself some durable and yet deadly tools. See if you can find yourself some on your adventures.","x":25,"y":108,"icon":{"id":"tconstruct:ore"},"prerequisites":["3c756e90-97d4-4d86-9a4b-45d52d1fee28"],"tasks":[{"type":"DETECT","items":[{"item":{"id":"tconstruct:ore"},"required":6,"precision":"ORE_DICTIONARY"},{"item":{"id":"tconstruct:ore","damage":1},"required":6,"precision":"ORE_DICTIONARY"}]}],"reward":[{"id":"tconstruct:materials","damage":50}],"commandrewards":[]},{"uuid":"2938628f-0d03-4f8d-91b1-5c8de0425f22","name":"Hotter Topic","description":"Let the madness begin, We\u0027re now creating your Tinkers Construct smeltery, Consult your Materials and You for a better guide on this!","x":19,"y":12,"bigicon":true,"icon":{"id":"tconstruct:smeltery_controller"},"tasks":[{"type":"DETECT","items":[{"item":{"id":"tconstruct:pattern"}}]}],"reward":[{"id":"tconstruct:soil","amount":64},{"id":"tconstruct:smeltery_controller"}],"rewardchoice":[{"id":"tconstruct:smeltery_io"},{"id":"tconstruct:seared_tank"}],"commandrewards":[]}],"reputationBar":[]}